feature,coefficient
ids__user_id_727242,-1.9310014109615152
ids__user_id_2460347,-1.8727743122981928
ids__user_id_507603,-1.8445712296348458
ids__user_id_1227322,-1.830901969842774
ids__user_id_2634967,-1.7795718949007369
ids__user_id_2439493,-1.775097288717074
ids__user_id_651230,-1.6279757013979161
ids__user_id_596255,-1.5751561303726922
ids__user_id_1030857,-1.5632481266420746
ids__user_id_122197,-1.5459043953265148
ids__user_id_1639792,-1.5184536008674012
ids__user_id_642384,1.5160744413101919
ids__movie_id_10377,-1.503163118859807
ids__user_id_1203467,-1.460051774680653
ids__user_id_1257336,-1.4502574417507756
ids__user_id_2640999,-1.4241343781604008
ids__user_id_2040859,-1.3915585163338073
ids__user_id_428653,1.3897005005971397
ids__user_id_2220732,-1.386999456370859
ids__user_id_2151468,-1.3864698768127768
ids__user_id_387418,-1.3854812925458722
ids__user_id_1461435,-1.3803936472200131
ids__user_id_636262,-1.3785984496472883
ids__user_id_1403217,-1.3773851996175337
ids__user_id_862596,-1.3717916754515216
ids__user_id_515436,-1.3704559160620795
ids__user_id_164845,-1.370219438390068
ids__user_id_2170242,1.3441737715399618
ids__user_id_1151192,-1.3437474935520752
ids__user_id_2147527,-1.332009567975215
ids__user_id_759737,-1.3108236907427477
ids__user_id_969785,-1.309500644691692
ids__user_id_2297136,-1.3077303629080206
ids__user_id_757005,-1.2926795857187332
ids__user_id_1850680,-1.2853237289653696
ids__user_id_2176465,-1.2840747729944797
ids__user_id_504620,-1.262682674237267
ids__user_id_1852040,-1.2610017890369056
ids__user_id_1440251,-1.2540560691560976
ids__user_id_2026560,1.219313354041265
ids__user_id_447759,1.2055430381202232
ids__user_id_1788346,-1.2021503364414745
ids__movie_id_7502,-1.2009617734871678
ids__user_id_1272379,-1.1972845594098656
ids__user_id_825353,-1.1965200641110891
ids__user_id_2256485,-1.196267769320211
ids__user_id_2457095,-1.176585567668261
ids__movie_id_2646,-1.1639874555298797
ids__user_id_1876520,-1.1630388037519912
ids__user_id_1486829,-1.1612124924372607
ids__user_id_794999,1.1586607654791912
ids__user_id_2559537,-1.1449000756833976
ids__user_id_798296,-1.1197666783734563
ids__user_id_564403,-1.1106063902710843
ids__movie_id_16086,-1.1032226240916703
ids__user_id_155342,-1.1029579656844752
ids__user_id_769702,-1.095187078345724
ids__user_id_2625420,-1.093076730518973
ids__user_id_525356,-1.0898893582285496
ids__user_id_305344,-1.0815233420682009
ids__user_id_100400,-1.0791212500072895
ids__user_id_1520166,-1.0722568122384635
ids__user_id_2291306,-1.0722037708369445
ids__user_id_1116065,-1.0700698107155857
ids__user_id_1692897,1.0534112637439579
ids__movie_id_6889,-1.051657058722273
ids__user_id_496436,-1.0489119554912902
ids__movie_id_4667,-1.044152925891983
ids__user_id_1777406,-1.028684505652248
ids__user_id_2192407,-1.015803133110954
ids__user_id_844214,1.0101460662317576
ids__user_id_1656085,-1.0087667511500402
ids__user_id_1054140,-1.0077631054218963
ids__user_id_35972,-1.006921543089709
ids__user_id_2364687,-1.0065463579442229
ids__user_id_558252,-1.004325961664081
ids__user_id_773045,-1.0033223063854797
ids__movie_id_15912,-1.0027888885687521
ids__user_id_2002781,-1.0011019102274579
ids__user_id_27061,0.9946731860953919
ids__user_id_128016,-0.994440710892092
ids__movie_id_2722,-0.991021310721314
ids__user_id_1732425,0.9879420856637436
ids__movie_id_7863,-0.9838145176543034
ids__user_id_1374216,-0.983382134331902
ids__movie_id_460,-0.9732571448572415
ids__user_id_522221,-0.9728167060132565
ids__user_id_89015,-0.9714499468356492
ids__user_id_2133849,-0.9683759071971149
ids__movie_id_7317,-0.9638260030437631
ids__user_id_282268,-0.960711063749166
ids__user_id_901548,-0.9607110563840546
ids__user_id_1913866,-0.9606074301311583
ids__user_id_1468972,-0.960607426639174
ids__user_id_308751,-0.9601376768034974
ids__user_id_1868684,0.9595394791959612
ids__user_id_1637750,-0.9565667483863365
ids__user_id_2639105,-0.9557253830629936
ids__user_id_652618,-0.9556968770241114
ids__user_id_2279583,-0.9556968762375931
